{"loss": [0.5548697113990784, 0.5437185764312744, 0.5418865084648132, 0.5413503050804138, 0.5407739877700806, 0.5406782627105713, 0.5403997302055359, 0.5401793718338013, 0.5402053594589233, 0.5402571558952332, 0.5401139259338379, 0.5398526787757874, 0.5398895144462585, 0.5398695468902588, 0.5396967530250549, 0.5397443771362305, 0.5396132469177246, 0.5395792722702026, 0.5396179556846619, 0.5394124388694763, 0.5396100878715515, 0.5395455360412598, 0.539577305316925, 0.5393078923225403, 0.5394972562789917, 0.5392453670501709, 0.5393633842468262, 0.5392793416976929, 0.5393173694610596, 0.5391238331794739, 0.5393613576889038], "dice_coef": [0.6168051362037659, 0.6197938323020935, 0.6205182075500488, 0.6204603314399719, 0.6206281781196594, 0.6205387115478516, 0.6209098100662231, 0.6209359765052795, 0.6208286285400391, 0.6208319067955017, 0.6208767294883728, 0.621055543422699, 0.621141254901886, 0.6209365725517273, 0.6212524175643921, 0.6210407614707947, 0.6211528778076172, 0.6211422085762024, 0.6212190985679626, 0.6212826371192932, 0.6211940050125122, 0.6212061643600464, 0.62115079164505, 0.6213524341583252, 0.6211349368095398, 0.6214586496353149, 0.6212661862373352, 0.6213529109954834, 0.621380627155304, 0.6215146780014038, 0.621333658695221], "val_loss": [0.5521039962768555, 0.5437935590744019, 0.540296733379364, 0.5392540097236633, 0.5399997234344482, 0.5402645468711853, 0.5405838489532471, 0.5396349430084229, 0.5383998155593872, 0.5410433411598206, 0.5384454131126404, 0.5398637652397156, 0.5387296676635742, 0.5396683216094971, 0.5383623838424683, 0.5388394594192505, 0.5387142300605774, 0.5382272005081177, 0.5380979776382446, 0.5384925603866577, 0.5379242300987244, 0.5389201641082764, 0.5383157134056091, 0.5386030077934265, 0.5389143824577332, 0.5388420820236206, 0.5387935042381287, 0.5407741069793701, 0.538573682308197, 0.5388089418411255, 0.5385496020317078], "val_dice_coef": [0.6122962236404419, 0.611948549747467, 0.6189731359481812, 0.6224129796028137, 0.6282023787498474, 0.633372962474823, 0.6149595379829407, 0.6254884004592896, 0.6219491958618164, 0.6285630464553833, 0.6257689595222473, 0.6284436583518982, 0.6234647631645203, 0.6291339993476868, 0.6223052740097046, 0.6157320141792297, 0.626089870929718, 0.629490315914154, 0.6263815760612488, 0.6184365153312683, 0.6253874897956848, 0.6165834665298462, 0.6216928958892822, 0.6215449571609497, 0.6309842467308044, 0.624349057674408, 0.6210585236549377, 0.6103285551071167, 0.6289545297622681, 0.6184965372085571, 0.6211583614349365]}